line,value,variable
SD120638,0.241915342,log_sev_BLUE
IL02-8011,0.245635999,log_sev_BLUE
SD120289,0.441221835,log_sev_BLUE
p56,0.463585085,log_sev_BLUE
IA02168-1-1,0.464518917,log_sev_BLUE
SD120296,0.485948334,log_sev_BLUE
BADGER,0.556879798,log_sev_BLUE
MNBT1020-1,0.565898352,log_sev_BLUE
IL00-1030,0.580038874,log_sev_BLUE
P021A1-78-1,0.580522572,log_sev_BLUE
IL07-8721,0.637300399,log_sev_BLUE
OPTIMUM,0.645062746,log_sev_BLUE
WIX10055-8,0.645866829,log_sev_BLUE
p71,0.657760165,log_sev_BLUE
IL09-5239,0.668774842,log_sev_BLUE
p62,0.673862522,log_sev_BLUE
IL08-2010,0.67821993,log_sev_BLUE
p175,0.681784367,log_sev_BLUE
DON,0.7137525,log_sev_BLUE
p133,0.732760377,log_sev_BLUE
p72,0.736205235,log_sev_BLUE
SD120069,0.759436071,log_sev_BLUE
IL11-2353,0.760575772,log_sev_BLUE
WIX8787-2,0.768851522,log_sev_BLUE
P021A1-78-1-5,0.783046162,log_sev_BLUE
SD041451,0.794131593,log_sev_BLUE
WIX10045-12,0.794190539,log_sev_BLUE
IL09-5508,0.794190539,log_sev_BLUE
IL04-7077,0.796951452,log_sev_BLUE
p188,0.807265327,log_sev_BLUE
SD050612,0.820399061,log_sev_BLUE
IL05-9931,0.846856358,log_sev_BLUE
SD60130,0.850577015,log_sev_BLUE
RON,0.908640955,log_sev_BLUE
p70,0.921078259,log_sev_BLUE
p251,0.937330612,log_sev_BLUE
ND070182,0.942754584,log_sev_BLUE
p52,0.990220265,log_sev_BLUE
WIX9645-1,0.999342209,log_sev_BLUE
p213,1.038082346,log_sev_BLUE
OA1342-2,1.038164585,log_sev_BLUE
P973A38-9-3-2-29,1.046852024,log_sev_BLUE
p135,1.063851836,log_sev_BLUE
OTEE,1.066052037,log_sev_BLUE
p169,1.077531373,log_sev_BLUE
p126,1.084920712,log_sev_BLUE
MN04232,1.087908853,log_sev_BLUE
HA08-03X15-1,1.094811868,log_sev_BLUE
p35,1.103509094,log_sev_BLUE
P0216A1-1-45,1.105069662,log_sev_BLUE
SD120640,1.105809701,log_sev_BLUE
WIX8787-3,1.105809701,log_sev_BLUE
OA1341-1,1.116898161,log_sev_BLUE
MN09230,1.127523873,log_sev_BLUE
p8,1.157349055,log_sev_BLUE
BETAGENE,1.180248637,log_sev_BLUE
MN09223,1.187174237,log_sev_BLUE
IL06-8153,1.204856119,log_sev_BLUE
WIX9878-3,1.207675978,log_sev_BLUE
p73,1.207972548,log_sev_BLUE
SD120129,1.221004459,log_sev_BLUE
p134,1.235223137,log_sev_BLUE
P021A1-25,1.264927361,log_sev_BLUE
IL05-3337,1.279213239,log_sev_BLUE
p132,1.291972312,log_sev_BLUE
COLT,1.304427891,log_sev_BLUE
P075A1-7,1.304427891,log_sev_BLUE
p68,1.318087166,log_sev_BLUE
p215,1.348468518,log_sev_BLUE
p179,1.352132971,log_sev_BLUE
p105,1.377590572,log_sev_BLUE
p123,1.394991325,log_sev_BLUE
WIX9449-1,1.397215717,log_sev_BLUE
SD080788,1.424871372,log_sev_BLUE
MN05119,1.426161683,log_sev_BLUE
p150,1.433782999,log_sev_BLUE
SD090780,1.438402996,log_sev_BLUE
SABER,1.450231494,log_sev_BLUE
p41,1.456600549,log_sev_BLUE
p214,1.456924807,log_sev_BLUE
p178,1.46117064,log_sev_BLUE
p212,1.494334839,log_sev_BLUE
P0528A1-1-1,1.501066581,log_sev_BLUE
p176,1.504305521,log_sev_BLUE
MN05205,1.538438184,log_sev_BLUE
P075A1-3-2,1.541314774,log_sev_BLUE
p67,1.554284597,log_sev_BLUE
WIX9150-1,1.561805319,log_sev_BLUE
OT2074,1.579130363,log_sev_BLUE
AAC_OAKLIN,1.589068866,log_sev_BLUE
AAC_NICOLAS,1.608773206,log_sev_BLUE
p106,1.614620923,log_sev_BLUE
IL09-5745,1.621754557,log_sev_BLUE
IL09-2838,1.622499695,log_sev_BLUE
IA01005-2,1.623113338,log_sev_BLUE
p157,1.643918546,log_sev_BLUE
p57,1.649283314,log_sev_BLUE
WIX9500-6,1.650111482,log_sev_BLUE
p247,1.652169427,log_sev_BLUE
P0216A1-1,1.657413918,log_sev_BLUE
ND051312,1.66073498,log_sev_BLUE
p174,1.676166475,log_sev_BLUE
p168,1.706751286,log_sev_BLUE
IL05-7133,1.709456439,log_sev_BLUE
SD041405,1.7203749,log_sev_BLUE
IL07-8258,1.723930612,log_sev_BLUE
SD091510,1.72811696,log_sev_BLUE
p180,1.728862523,log_sev_BLUE
p136,1.732378831,log_sev_BLUE
p222,1.740581724,log_sev_BLUE
p216,1.775306831,log_sev_BLUE
MN08252,1.785940828,log_sev_BLUE
p69,1.797697226,log_sev_BLUE
p36,1.807864571,log_sev_BLUE
p131,1.824782261,log_sev_BLUE
p95,1.827900047,log_sev_BLUE
p34,1.830038595,log_sev_BLUE
p177,1.846507916,log_sev_BLUE
OA1256-1,1.866594905,log_sev_BLUE
p162,1.871771518,log_sev_BLUE
SD041016,1.902124554,log_sev_BLUE
p39,1.911094966,log_sev_BLUE
p61,1.92717513,log_sev_BLUE
IL11-5748,1.94281353,log_sev_BLUE
MN08260,1.945631174,log_sev_BLUE
p120,1.956954044,log_sev_BLUE
MN04120,1.958113207,log_sev_BLUE
p122,1.959918105,log_sev_BLUE
p189,1.973223131,log_sev_BLUE
p29,1.973738538,log_sev_BLUE
p45,1.977916394,log_sev_BLUE
SD081085,1.981358866,log_sev_BLUE
MN02234,2.000186276,log_sev_BLUE
p30,2.014434915,log_sev_BLUE
p219,2.020720228,log_sev_BLUE
P0528A1-6-1,2.027064826,log_sev_BLUE
IA02023-2-1,2.028125082,log_sev_BLUE
SD050834,2.028125082,log_sev_BLUE
p147,2.043407232,log_sev_BLUE
p28,2.047900393,log_sev_BLUE
SD080611,2.056292075,log_sev_BLUE
IL06-5465,2.057263945,log_sev_BLUE
IA02130-2-2,2.058689381,log_sev_BLUE
SD081563,2.060081589,log_sev_BLUE
p153,2.063825602,log_sev_BLUE
p99,2.07095513,log_sev_BLUE
p227,2.074395814,log_sev_BLUE
p156,2.079020723,log_sev_BLUE
p187,2.080674722,log_sev_BLUE
p4,2.080848915,log_sev_BLUE
p167,2.081599658,log_sev_BLUE
p250,2.097506603,log_sev_BLUE
p255,2.103159637,log_sev_BLUE
IL02-5630,2.116898161,log_sev_BLUE
p86,2.117026199,log_sev_BLUE
p98,2.118904243,log_sev_BLUE
SD081949,2.120666545,log_sev_BLUE
MN02231,2.127464927,log_sev_BLUE
OA1357-2,2.128403799,log_sev_BLUE
p152,2.128903222,log_sev_BLUE
p252,2.129436015,log_sev_BLUE
LAO-1104-028C1,2.130341517,log_sev_BLUE
MORTON,2.133409856,log_sev_BLUE
p51,2.137889477,log_sev_BLUE
p66,2.156582345,log_sev_BLUE
p40,2.168075635,log_sev_BLUE
p218,2.180816445,log_sev_BLUE
ND070388,2.183018559,log_sev_BLUE
MN04136,2.199928239,log_sev_BLUE
MN05237,2.205104851,log_sev_BLUE
p119,2.205360351,log_sev_BLUE
p184,2.216397916,log_sev_BLUE
MN07104,2.21923045,log_sev_BLUE
04P07A-BS5C,2.221170464,log_sev_BLUE
p80,2.222365518,log_sev_BLUE
MN06213,2.223822103,log_sev_BLUE
MN07204,2.225500586,log_sev_BLUE
p160,2.230302806,log_sev_BLUE
p145,2.234984848,log_sev_BLUE
SD050608,2.235457887,log_sev_BLUE
p246,2.236269623,log_sev_BLUE
p76,2.238037551,log_sev_BLUE
p1,2.245679874,log_sev_BLUE
p170,2.251876522,log_sev_BLUE
p142,2.266449939,log_sev_BLUE
p151,2.266694299,log_sev_BLUE
p85,2.268017362,log_sev_BLUE
p5,2.278868052,log_sev_BLUE
p161,2.286441057,log_sev_BLUE
p77,2.287784459,log_sev_BLUE
MN09115,2.288421224,log_sev_BLUE
OA1271-3,2.29660441,log_sev_BLUE
p125,2.299576773,log_sev_BLUE
SD081577,2.301551301,log_sev_BLUE
p9,2.304875775,log_sev_BLUE
p79,2.310688367,log_sev_BLUE
04P07B-GN1C,2.311729413,log_sev_BLUE
p7,2.314732732,log_sev_BLUE
p202,2.319828494,log_sev_BLUE
p209,2.333372071,log_sev_BLUE
p127,2.336029234,log_sev_BLUE
p183,2.340958008,log_sev_BLUE
p102,2.347439284,log_sev_BLUE
p158,2.362624573,log_sev_BLUE
p226,2.364314807,log_sev_BLUE
p208,2.368941998,log_sev_BLUE
KAME,2.375757002,log_sev_BLUE
p94,2.377903574,log_sev_BLUE
IL02-8663,2.390538333,log_sev_BLUE
p166,2.393210629,log_sev_BLUE
p93,2.40131521,log_sev_BLUE
MN06203,2.402146283,log_sev_BLUE
LAO-1012-040,2.403047081,log_sev_BLUE
WIX9897-5,2.408053163,log_sev_BLUE
SD020883,2.410873021,log_sev_BLUE
p124,2.411008788,log_sev_BLUE
P021A1-25-53,2.42808847,log_sev_BLUE
p146,2.43749072,log_sev_BLUE
p97,2.443588841,log_sev_BLUE
SD60980,2.453761838,log_sev_BLUE
p197,2.455927138,log_sev_BLUE
ND051306,2.456638428,log_sev_BLUE
p42,2.469272787,log_sev_BLUE
p171,2.503451616,log_sev_BLUE
p254,2.504152741,log_sev_BLUE
p87,2.510780133,log_sev_BLUE
p78,2.517450835,log_sev_BLUE
SD041445,2.530671277,log_sev_BLUE
p159,2.531750988,log_sev_BLUE
IL10-9867,2.533261572,log_sev_BLUE
p163,2.536414868,log_sev_BLUE
p229,2.537822225,log_sev_BLUE
p164,2.545773494,log_sev_BLUE
p55,2.555557698,log_sev_BLUE
P0528A1-1,2.569286787,log_sev_BLUE
p165,2.571824228,log_sev_BLUE
p38,2.577446729,log_sev_BLUE
p223,2.586566752,log_sev_BLUE
P021A1-66-2,2.589068866,log_sev_BLUE
MN08243,2.590403549,log_sev_BLUE
CLINTFORD,2.609480196,log_sev_BLUE
ND040250,2.609480196,log_sev_BLUE
MN10253,2.61229784,log_sev_BLUE
SD100454,2.632081395,log_sev_BLUE
MN06120,2.632755387,log_sev_BLUE
p217,2.636063044,log_sev_BLUE
WIX9562-5,2.66073498,log_sev_BLUE
p33,2.66205832,log_sev_BLUE
p240,2.662533875,log_sev_BLUE
WIX9528-1,2.663381659,log_sev_BLUE
p155,2.666328561,log_sev_BLUE
p230,2.672017354,log_sev_BLUE
p221,2.672923671,log_sev_BLUE
p154,2.687365095,log_sev_BLUE
SD100602,2.692986355,log_sev_BLUE
SD050945,2.700504531,log_sev_BLUE
SD120524,2.716279603,log_sev_BLUE
p181,2.722658475,log_sev_BLUE
LEGGETT,2.727378063,log_sev_BLUE
p53,2.727780774,log_sev_BLUE
p121,2.731632184,log_sev_BLUE
MN09119,2.733139042,log_sev_BLUE
p172,2.743568974,log_sev_BLUE
p141,2.756550704,log_sev_BLUE
SD110466,2.758601945,log_sev_BLUE
p81,2.76246132,log_sev_BLUE
MN09103,2.771795275,log_sev_BLUE
ND060182,2.778444419,log_sev_BLUE
SD031128,2.779791461,log_sev_BLUE
p194,2.808605169,log_sev_BLUE
WIX9287-2,2.809103556,log_sev_BLUE
SD120316,2.812618294,log_sev_BLUE
IA02010-2-1,2.846856358,log_sev_BLUE
P0714A1-29-2,2.853784172,log_sev_BLUE
REINS,2.862933195,log_sev_BLUE
MN07208,2.867724885,log_sev_BLUE
SD082192,2.868694585,log_sev_BLUE
p74,2.869297993,log_sev_BLUE
p130,2.869439596,log_sev_BLUE
p228,2.878954,log_sev_BLUE
MNBT1021-1,2.898859309,log_sev_BLUE
p182,2.907117695,log_sev_BLUE
p24,2.912297518,log_sev_BLUE
MN10121,2.919767407,log_sev_BLUE
OA1253-1,2.919826353,log_sev_BLUE
p248,2.924301098,log_sev_BLUE
p44,2.925675469,log_sev_BLUE
ND020965,2.931594027,log_sev_BLUE
p203,2.939346078,log_sev_BLUE
ND111357,2.942047594,log_sev_BLUE
p220,2.951167418,log_sev_BLUE
SD090240,2.958843978,log_sev_BLUE
p234,2.962437984,log_sev_BLUE
P9741A1-4-6-86,2.970574787,log_sev_BLUE
p111,2.971594796,log_sev_BLUE
SD090965,2.984345613,log_sev_BLUE
p196,2.991571402,log_sev_BLUE
p14,2.996576773,log_sev_BLUE
p201,3.00072808,log_sev_BLUE
p12,3.010787514,log_sev_BLUE
p32,3.016325839,log_sev_BLUE
MN11139,3.023709637,log_sev_BLUE
MN05157,3.034443929,log_sev_BLUE
SD030888,3.034443929,log_sev_BLUE
p198,3.036507311,log_sev_BLUE
p211,3.050026859,log_sev_BLUE
p144,3.054530836,log_sev_BLUE
SD100719,3.058630435,log_sev_BLUE
06P04A-E07B3,3.063882384,log_sev_BLUE
SD111736,3.065993091,log_sev_BLUE
p100,3.073139206,log_sev_BLUE
p233,3.094798732,log_sev_BLUE
ANDREW,3.098086964,log_sev_BLUE
MN10130,3.101807621,log_sev_BLUE
p115,3.104917006,log_sev_BLUE
OA1331-6,3.105809701,log_sev_BLUE
SD110605,3.10629281,log_sev_BLUE
p6,3.107043251,log_sev_BLUE
p149,3.112547345,log_sev_BLUE
p3,3.112721114,log_sev_BLUE
p199,3.113082115,log_sev_BLUE
SD090882,3.113124795,log_sev_BLUE
p193,3.11574841,log_sev_BLUE
SD080348,3.116841429,log_sev_BLUE
p104,3.121892947,log_sev_BLUE
p256,3.124093823,log_sev_BLUE
SD050616,3.1260472,log_sev_BLUE
SD111922,3.129862233,log_sev_BLUE
p114,3.13902743,log_sev_BLUE
SD110470,3.145951627,log_sev_BLUE
WIX8787-4,3.153062329,log_sev_BLUE
p190,3.154556741,log_sev_BLUE
p60,3.16435726,log_sev_BLUE
SD050716,3.183066282,log_sev_BLUE
SD100184,3.198083081,log_sev_BLUE
p206,3.211523821,log_sev_BLUE
p116,3.212582433,log_sev_BLUE
SD081107,3.214172475,log_sev_BLUE
p185,3.217269225,log_sev_BLUE
p210,3.223930612,log_sev_BLUE
p49,3.224894732,log_sev_BLUE
p48,3.228974259,log_sev_BLUE
p11,3.233609754,log_sev_BLUE
p37,3.234067376,log_sev_BLUE
p13,3.241331664,log_sev_BLUE
ND102000,3.241974288,log_sev_BLUE
p173,3.257554981,log_sev_BLUE
p241,3.270361175,log_sev_BLUE
p225,3.275894909,log_sev_BLUE
IL08-9201,3.279213239,log_sev_BLUE
03P26A-BV3A,3.291930944,log_sev_BLUE
ND050490,3.294570203,log_sev_BLUE
p140,3.295024607,log_sev_BLUE
WIX9414-1,3.295053901,log_sev_BLUE
01G04-CC3E,3.298118269,log_sev_BLUE
MN08138,3.299422054,log_sev_BLUE
WIX10045-9,3.301610247,log_sev_BLUE
p139,3.30724618,log_sev_BLUE
DEON,3.311111111,log_sev_BLUE
00P28-AN01B1,3.31637409,log_sev_BLUE
p75,3.325051501,log_sev_BLUE
p243,3.348788108,log_sev_BLUE
p84,3.357965379,log_sev_BLUE
p118,3.359419691,log_sev_BLUE
SD041445-93,3.36721785,log_sev_BLUE
WIX9082-1,3.369270018,log_sev_BLUE
p112,3.369866338,log_sev_BLUE
MN03114,3.374543914,log_sev_BLUE
p200,3.375015814,log_sev_BLUE
p31,3.37613651,log_sev_BLUE
MN10209,3.380855706,log_sev_BLUE
p253,3.382076047,log_sev_BLUE
WIX10088-6,3.383003001,log_sev_BLUE
SD61081,3.394840358,log_sev_BLUE
p143,3.398838874,log_sev_BLUE
p239,3.409008084,log_sev_BLUE
p249,3.410501021,log_sev_BLUE
NATTY,3.422053728,log_sev_BLUE
ND040492,3.422053728,log_sev_BLUE
SD61433,3.426161683,log_sev_BLUE
WIX8791-1,3.439084089,log_sev_BLUE
MN09105,3.442291227,log_sev_BLUE
p96,3.443235346,log_sev_BLUE
p101,3.44424546,log_sev_BLUE
p207,3.44535823,log_sev_BLUE
p117,3.445879906,log_sev_BLUE
OT2083,3.465588458,log_sev_BLUE
MN09255,3.482227677,log_sev_BLUE
p224,3.484063358,log_sev_BLUE
p113,3.484779769,log_sev_BLUE
p231,3.509378254,log_sev_BLUE
p10,3.514839889,log_sev_BLUE
SD110808,3.516342883,log_sev_BLUE
p242,3.519251594,log_sev_BLUE
MN09256,3.547452101,log_sev_BLUE
p50,3.548718881,log_sev_BLUE
p82,3.567495857,log_sev_BLUE
SD111931,3.567713982,log_sev_BLUE
p23,3.577938304,log_sev_BLUE
p2,3.580398169,log_sev_BLUE
SD110765,3.581094878,log_sev_BLUE
SD081644,3.589253932,log_sev_BLUE
p238,3.591830124,log_sev_BLUE
WPAT04P03-PY3B,3.611089764,log_sev_BLUE
SD120553,3.612434917,log_sev_BLUE
SD110640,3.612546572,log_sev_BLUE
SD111946,3.62196223,log_sev_BLUE
p128,3.622628957,log_sev_BLUE
HAYDEN,3.634117683,log_sev_BLUE
p186,3.635542512,log_sev_BLUE
SD090510,3.637241454,log_sev_BLUE
MN04242,3.637340293,log_sev_BLUE
p191,3.649693416,log_sev_BLUE
p109,3.651264305,log_sev_BLUE
p244,3.663187437,log_sev_BLUE
p205,3.66699478,log_sev_BLUE
p129,3.679176892,log_sev_BLUE
p245,3.690311561,log_sev_BLUE
p235,3.697421044,log_sev_BLUE
p107,3.739028674,log_sev_BLUE
AAC_ROSKENS,3.755387062,log_sev_BLUE
SD111939,3.758660891,log_sev_BLUE
p46,3.765014045,log_sev_BLUE
MN11221,3.771795275,log_sev_BLUE
p232,3.787302649,log_sev_BLUE
p25,3.791172492,log_sev_BLUE
ND021612,3.818437601,log_sev_BLUE
MN08160,3.835569659,log_sev_BLUE
p110,3.836151861,log_sev_BLUE
GOPHER,3.849685226,log_sev_BLUE
ND090807,3.849732948,log_sev_BLUE
SD051005,3.851285287,log_sev_BLUE
p43,3.88254686,log_sev_BLUE
SD041445-119,3.903867173,log_sev_BLUE
SD090880,3.905631712,log_sev_BLUE
SD100198,3.908640955,log_sev_BLUE
p148,3.909632577,log_sev_BLUE
SD081038,3.920975969,log_sev_BLUE
AAC_ALMONTE,3.944423098,log_sev_BLUE
P0541A1-1,3.945823174,log_sev_BLUE
MN11211,3.955503372,log_sev_BLUE
p83,3.980548434,log_sev_BLUE
p237,3.985547066,log_sev_BLUE
ND090709,4.003283626,log_sev_BLUE
p21,4.022579744,log_sev_BLUE
p88,4.03149847,log_sev_BLUE
ND090868,4.042054647,log_sev_BLUE
p59,4.051292612,log_sev_BLUE
p236,4.055273389,log_sev_BLUE
HA07-02X22-3,4.060081589,log_sev_BLUE
p58,4.099461958,log_sev_BLUE
ND060342,4.11632055,log_sev_BLUE
ND100362,4.116379496,log_sev_BLUE
IL09-6937,4.116841429,log_sev_BLUE
p103,4.122262967,log_sev_BLUE
SD100644,4.125029813,log_sev_BLUE
MN08211,4.125527209,log_sev_BLUE
HORSEPOWER,4.130976037,log_sev_BLUE
SD100015,4.196759007,log_sev_BLUE
SD120258,4.234557089,log_sev_BLUE
p108,4.243997926,log_sev_BLUE
IL06-3761,4.390597278,log_sev_BLUE
SD110304,4.397274663,log_sev_BLUE
p90,4.40386598,log_sev_BLUE
p195,4.41094027,log_sev_BLUE
p47,4.441912068,log_sev_BLUE
p54,4.452225325,log_sev_BLUE
SD090893,4.461480503,log_sev_BLUE
AC_ASSINIBOIA,4.485948334,log_sev_BLUE
p22,4.510190211,log_sev_BLUE
SD111753,4.516351892,log_sev_BLUE
p204,4.547654154,log_sev_BLUE
p89,4.550826587,log_sev_BLUE
NEWBURG,4.623105759,log_sev_BLUE
SD120266,4.669893561,log_sev_BLUE
SD090248,4.713459744,log_sev_BLUE
ND040196,4.762312661,log_sev_BLUE
p192,4.851377312,log_sev_BLUE
SD101027,4.912463697,log_sev_BLUE
ND030349,4.972147592,log_sev_BLUE
ND101473,5.035936684,log_sev_BLUE
SD090552,5.138716232,log_sev_BLUE
SD050938,5.294570203,log_sev_BLUE
ND080816,5.299422054,log_sev_BLUE
MN11110,5.329857898,log_sev_BLUE
SD120456,5.386305621,log_sev_BLUE
ND021052,5.586434074,log_sev_BLUE
ND011054,5.67325458,log_sev_BLUE
IA02130-2-3,5.760575772,log_sev_BLUE
WIX9487-1,5.898926985,log_sev_BLUE
ANDREW,68.48677631,height_BLUE
IL07-8721,69.66999118,height_BLUE
p125,74.83598887,height_BLUE
SD080611,76.0341414,height_BLUE
REINS,76.08663688,height_BLUE
IL05-9931,76.73013803,height_BLUE
p71,76.8862835,height_BLUE
p70,77.23709424,height_BLUE
BADGER,78.3376969,height_BLUE
p124,79.23441758,height_BLUE
p66,79.46028161,height_BLUE
SD120129,79.58946081,height_BLUE
IA02168-1-1,79.68971982,height_BLUE
HA08-03X15-1,79.7207295,height_BLUE
p222,79.79409409,height_BLUE
IL08-9201,80.00976442,height_BLUE
IL09-5745,80.14412237,height_BLUE
P075A1-3-2,80.25166786,height_BLUE
IL05-7133,80.66859066,height_BLUE
WIX9500-6,80.69996034,height_BLUE
p67,81.04803006,height_BLUE
p132,81.05014189,height_BLUE
SD082192,81.17289297,height_BLUE
P0528A1-1-1,81.18520142,height_BLUE
SD120524,81.36662701,height_BLUE
SD120638,81.45344298,height_BLUE
SD091510,81.58910457,height_BLUE
IL10-9867,82.11400127,height_BLUE
p211,82.42132731,height_BLUE
P021A1-78-1,82.44960435,height_BLUE
IL06-5465,82.64872552,height_BLUE
SD050834,82.78866296,height_BLUE
SABER,82.83392633,height_BLUE
p73,82.85924146,height_BLUE
p172,82.88907894,height_BLUE
p212,82.95049817,height_BLUE
p126,83.1648743,height_BLUE
p210,83.41139474,height_BLUE
SD080788,83.55404678,height_BLUE
P0528A1-1,83.7560572,height_BLUE
P0528A1-6-1,83.76258688,height_BLUE
p116,83.84900693,height_BLUE
P973A38-9-3-2-29,83.85033562,height_BLUE
p117,83.90441839,height_BLUE
SD120289,83.94206855,height_BLUE
SD050716,83.9807295,height_BLUE
IL08-2010,84.10257582,height_BLUE
IL06-3761,84.17406396,height_BLUE
p52,84.19634233,height_BLUE
SD081085,84.46306907,height_BLUE
IL02-8663,84.48010965,height_BLUE
p173,84.64127361,height_BLUE
p69,84.64215348,height_BLUE
p38,84.68051296,height_BLUE
p56,84.71907923,height_BLUE
P9741A1-4-6-86,84.77110711,height_BLUE
IL06-8153,84.8041973,height_BLUE
P0714A1-29-2,84.81065193,height_BLUE
p72,84.83846818,height_BLUE
p105,84.95077155,height_BLUE
p39,85.00587987,height_BLUE
p180,85.04471058,height_BLUE
IL11-2353,85.09077816,height_BLUE
IL09-5239,85.14454718,height_BLUE
IL04-7077,85.19481384,height_BLUE
p213,85.21360976,height_BLUE
p76,85.2295952,height_BLUE
IL05-3337,85.23240568,height_BLUE
p68,85.24476645,height_BLUE
p217,85.25942996,height_BLUE
WIX9897-5,85.3475116,height_BLUE
SD120296,85.49608991,height_BLUE
P0541A1-1,85.52649002,height_BLUE
p99,85.56127186,height_BLUE
IL09-5508,85.57436054,height_BLUE
p48,85.612257,height_BLUE
p214,85.69437009,height_BLUE
SD081577,85.74775281,height_BLUE
p175,85.78466367,height_BLUE
p149,85.85358233,height_BLUE
p150,85.96687103,height_BLUE
IL02-8011,86.00942324,height_BLUE
p227,86.03749565,height_BLUE
p216,86.17954197,height_BLUE
IL02-5630,86.19392633,height_BLUE
SD020883,86.23908553,height_BLUE
SD100602,86.36125866,height_BLUE
p74,86.38946811,height_BLUE
p176,86.41346148,height_BLUE
p233,86.43202232,height_BLUE
p174,86.43789009,height_BLUE
p131,86.4655513,height_BLUE
IA02023-2-1,86.52332451,height_BLUE
WIX10045-12,86.59624914,height_BLUE
SD051005,86.67983461,height_BLUE
p223,86.73239667,height_BLUE
WIX9082-1,86.84455207,height_BLUE
p215,86.89095158,height_BLUE
p219,86.89300338,height_BLUE
p179,86.90186416,height_BLUE
MNBT1020-1,86.9074926,height_BLUE
p122,87.01965745,height_BLUE
WIX9645-1,87.02587601,height_BLUE
p121,87.10458719,height_BLUE
p240,87.10668671,height_BLUE
p133,87.1425471,height_BLUE
p147,87.15806884,height_BLUE
AAC_OAKLIN,87.21089464,height_BLUE
SD110605,87.2509107,height_BLUE
p239,87.32457027,height_BLUE
p75,87.37440756,height_BLUE
SD050612,87.4176969,height_BLUE
p146,87.48881222,height_BLUE
p37,87.49390401,height_BLUE
p118,87.52499153,height_BLUE
p218,87.53534525,height_BLUE
IL00-1030,87.58797682,height_BLUE
OA1341-1,87.63142157,height_BLUE
SD110470,87.68824943,height_BLUE
p226,87.72028396,height_BLUE
IA02130-2-2,87.79281317,height_BLUE
SD110640,87.79907235,height_BLUE
SD100454,87.85211476,height_BLUE
p32,87.90320057,height_BLUE
SD110466,88.02323991,height_BLUE
SD100644,88.28788188,height_BLUE
IL11-5748,88.34518912,height_BLUE
MN09115,88.36279414,height_BLUE
p34,88.36713121,height_BLUE
p181,88.37127845,height_BLUE
IA02010-2-1,88.45429993,height_BLUE
BETAGENE,88.52518912,height_BLUE
SD081107,88.58258688,height_BLUE
OPTIMUM,88.68677631,height_BLUE
SD090880,88.71341546,height_BLUE
SD120069,88.80322385,height_BLUE
WIX9449-1,88.80611311,height_BLUE
WIX9528-1,88.96184906,height_BLUE
WIX8787-2,88.9709107,height_BLUE
p36,89.06164142,height_BLUE
P021A1-78-1-5,89.11972298,height_BLUE
p136,89.15179126,height_BLUE
IL09-2838,89.16851572,height_BLUE
P0216A1-1-45,89.20158276,height_BLUE
OTEE,89.22866296,height_BLUE
SD081949,89.28632833,height_BLUE
p51,89.32027123,height_BLUE
SD081563,89.32293768,height_BLUE
p241,89.33195271,height_BLUE
p33,89.33511774,height_BLUE
CLINTFORD,89.39852245,height_BLUE
p49,89.57756228,height_BLUE
p123,89.60536091,height_BLUE
P021A1-66-2,89.62422797,height_BLUE
p62,89.62597469,height_BLUE
HA07-02X22-3,89.64029642,height_BLUE
p171,89.64871826,height_BLUE
p225,89.66586979,height_BLUE
SD101027,89.70747473,height_BLUE
WIX9562-5,89.70838641,height_BLUE
p234,89.768677,height_BLUE
p236,89.77585938,height_BLUE
p53,89.81219711,height_BLUE
SD110808,89.8373186,height_BLUE
p145,89.84127468,height_BLUE
SD100184,89.84424403,height_BLUE
p55,89.8717665,height_BLUE
p93,89.89898859,height_BLUE
p35,89.90082362,height_BLUE
p148,89.905129,height_BLUE
p31,89.94056008,height_BLUE
P0216A1-1,89.9533927,height_BLUE
IL07-8258,89.98205885,height_BLUE
SD081644,90.05162102,height_BLUE
MN04136,90.19400127,height_BLUE
p100,90.21459182,height_BLUE
LEGGETT,90.29103024,height_BLUE
p251,90.34470855,height_BLUE
P021A1-25-53,90.3773186,height_BLUE
p238,90.37823627,height_BLUE
p255,90.42339053,height_BLUE
p119,90.44789257,height_BLUE
p28,90.47630891,height_BLUE
SD030888,90.50347136,height_BLUE
p23,90.8101211,height_BLUE
SD100198,90.81179065,height_BLUE
COLT,90.92487444,height_BLUE
p106,90.96525012,height_BLUE
p237,91.0880327,height_BLUE
IA01005-2,91.22824943,height_BLUE
p108,91.24856047,height_BLUE
SD090893,91.27494007,height_BLUE
MN03114,91.31140551,height_BLUE
MNBT1021-1,91.39608991,height_BLUE
p193,91.47674503,height_BLUE
p120,91.52169845,height_BLUE
WIX8787-3,91.71850639,height_BLUE
SD61081,91.81502023,height_BLUE
ND040196,91.96738011,height_BLUE
p178,91.98624734,height_BLUE
p209,92.01040636,height_BLUE
IA02130-2-3,92.01744483,height_BLUE
SD60130,92.02971982,height_BLUE
WIX9287-2,92.04066794,height_BLUE
p224,92.05524327,height_BLUE
p113,92.0872133,height_BLUE
p135,92.18380113,height_BLUE
p177,92.19821029,height_BLUE
p190,92.2024634,height_BLUE
LAO-1012-040,92.24402224,height_BLUE
DON,92.27330354,height_BLUE
p59,92.37912401,height_BLUE
SD041405,92.41241925,height_BLUE
p256,92.44261001,height_BLUE
SD100719,92.46859066,height_BLUE
MN05119,92.48289975,height_BLUE
IL09-6937,92.63481384,height_BLUE
SD050945,92.65190496,height_BLUE
p77,92.70211738,height_BLUE
p254,92.7051808,height_BLUE
WIX9878-3,92.77577123,height_BLUE
p169,92.80598499,height_BLUE
p246,92.81084757,height_BLUE
WIX8791-1,92.84455207,height_BLUE
WIX9487-1,92.87289297,height_BLUE
p156,92.90610453,height_BLUE
p168,92.91764739,height_BLUE
p44,93.00456313,height_BLUE
p221,93.02278684,height_BLUE
WIX10088-6,93.03656808,height_BLUE
p95,93.05260425,height_BLUE
p248,93.11153111,height_BLUE
p247,93.2188809,height_BLUE
p250,93.36537266,height_BLUE
p47,93.38119959,height_BLUE
p155,93.46480665,height_BLUE
p220,93.47729799,height_BLUE
p94,93.49025128,height_BLUE
p182,93.52033895,height_BLUE
SD111946,93.59197532,height_BLUE
HORSEPOWER,93.59670701,height_BLUE
SD110304,93.59700229,height_BLUE
P075A1-7,93.64487444,height_BLUE
p151,93.65237587,height_BLUE
p60,93.70905691,height_BLUE
p231,93.73711176,height_BLUE
p61,93.75246489,height_BLUE
ND111357,93.83190496,height_BLUE
p235,93.89624673,height_BLUE
p50,93.90977509,height_BLUE
p189,93.9209471,height_BLUE
KAME,93.92771787,height_BLUE
P021A1-25,94.01910198,height_BLUE
OA1256-1,94.0673346,height_BLUE
MN09103,94.07819352,height_BLUE
p1,94.22481678,height_BLUE
ND021052,94.26671375,height_BLUE
WIX10045-9,94.35636868,height_BLUE
WIX9414-1,94.39240568,height_BLUE
p230,94.39302913,height_BLUE
SD60980,94.40804198,height_BLUE
p252,94.57094003,height_BLUE
p24,94.57564096,height_BLUE
MN06203,94.61828768,height_BLUE
SD111931,94.66171975,height_BLUE
ND090868,94.70719901,height_BLUE
p42,94.71030979,height_BLUE
p249,94.78742742,height_BLUE
p57,94.91550301,height_BLUE
p157,94.99601114,height_BLUE
p242,95.00637863,height_BLUE
p232,95.01787407,height_BLUE
ND040492,95.02289975,height_BLUE
LAO-1104-028C1,95.0607295,height_BLUE
03P26A-BV3A,95.08139564,height_BLUE
p30,95.39484348,height_BLUE
p152,95.44723453,height_BLUE
p101,95.45497012,height_BLUE
p109,95.47630719,height_BLUE
p191,95.57258495,height_BLUE
p228,95.58205107,height_BLUE
AAC_ROSKENS,95.59183972,height_BLUE
MN04120,95.61820778,height_BLUE
p127,95.69130969,height_BLUE
p206,95.74521404,height_BLUE
SD120266,95.80146445,height_BLUE
MN02231,95.83373956,height_BLUE
p78,95.83866666,height_BLUE
p40,95.90691217,height_BLUE
RON,95.9473973,height_BLUE
p87,96.01349872,height_BLUE
p43,96.04622608,height_BLUE
p29,96.05474378,height_BLUE
p45,96.0865436,height_BLUE
p167,96.1356039,height_BLUE
p96,96.20474339,height_BLUE
p41,96.22383427,height_BLUE
ND021612,96.36029642,height_BLUE
p144,96.51883632,height_BLUE
SD031128,96.53720653,height_BLUE
p188,96.55391745,height_BLUE
ND050490,96.55744483,height_BLUE
p102,96.58023052,height_BLUE
WPAT04P03-PY3B,96.60424848,height_BLUE
p79,96.61083068,height_BLUE
p159,96.68042468,height_BLUE
p134,96.70375348,height_BLUE
SD050938,96.71077816,height_BLUE
p86,96.72634752,height_BLUE
p98,96.76848691,height_BLUE
p140,96.8299652,height_BLUE
p243,96.93134318,height_BLUE
04P07B-GN1C,96.94677631,height_BLUE
p166,97.00686213,height_BLUE
p253,97.01381108,height_BLUE
p160,97.03765553,height_BLUE
p115,97.04831792,height_BLUE
p107,97.05171644,height_BLUE
MN06120,97.05904563,height_BLUE
MN07208,97.08257582,height_BLUE
MN08243,97.11982336,height_BLUE
p4,97.15723334,height_BLUE
p5,97.23247116,height_BLUE
MN07204,97.24650128,height_BLUE
ND090807,97.26739617,height_BLUE
p183,97.32893724,height_BLUE
WIX8787-4,97.42337367,height_BLUE
SD080348,97.43065193,height_BLUE
WIX9150-1,97.46010965,height_BLUE
p3,97.47428139,height_BLUE
SD041445,97.49318401,height_BLUE
p114,97.49548664,height_BLUE
p207,97.55487001,height_BLUE
WIX10055-8,97.75311888,height_BLUE
SD61433,97.75983461,height_BLUE
SD120640,97.79850639,height_BLUE
p184,97.80692598,height_BLUE
p112,97.80876731,height_BLUE
p154,97.83521686,height_BLUE
p194,97.83724711,height_BLUE
p54,97.91819893,height_BLUE
p80,97.92493748,height_BLUE
SD100015,97.94824943,height_BLUE
OA1342-2,97.9805484,height_BLUE
SD110765,97.98223158,height_BLUE
MN10130,98.11608991,height_BLUE
SD041016,98.12066794,height_BLUE
ND102000,98.1273973,height_BLUE
p22,98.1839565,height_BLUE
NATTY,98.20289975,height_BLUE
OA1271-3,98.2038732,height_BLUE
p46,98.23572305,height_BLUE
MN11221,98.24125866,height_BLUE
p185,98.26657218,height_BLUE
HAYDEN,98.49574514,height_BLUE
p170,98.51315853,height_BLUE
AAC_ALMONTE,98.57758182,height_BLUE
01G04-CC3E,98.57853476,height_BLUE
p89,98.58466049,height_BLUE
MN07104,98.60337367,height_BLUE
SD090882,98.76080806,height_BLUE
p97,98.86107498,height_BLUE
MN11110,98.92806231,height_BLUE
SD041445-119,99.03996034,height_BLUE
OT2083,99.04576865,height_BLUE
p12,99.06473516,height_BLUE
SD090240,99.11624432,height_BLUE
ND070182,99.14456813,height_BLUE
SD111922,99.2009666,height_BLUE
MN09255,99.20984145,height_BLUE
p143,99.37809976,height_BLUE
p13,99.42563616,height_BLUE
p203,99.46223093,height_BLUE
p90,99.51957203,height_BLUE
ND051312,99.52304797,height_BLUE
p111,99.57096961,height_BLUE
MN11139,99.60472343,height_BLUE
p6,99.70119541,height_BLUE
p130,99.70925346,height_BLUE
p84,99.71766493,height_BLUE
SD050608,99.76066794,height_BLUE
MN04232,99.79802101,height_BLUE
p198,99.87327472,height_BLUE
DEON,99.92444444,height_BLUE
OA1253-1,99.94638965,height_BLUE
MN10121,100.0133804,height_BLUE
p204,100.0181462,height_BLUE
SD090965,100.0256949,height_BLUE
SD120258,100.0349334,height_BLUE
SD090780,100.0726428,height_BLUE
p153,100.0963839,height_BLUE
p110,100.2223154,height_BLUE
p201,100.3161007,height_BLUE
p158,100.3379853,height_BLUE
p245,100.3698346,height_BLUE
MN08252,100.3867488,height_BLUE
SD050616,100.4241973,height_BLUE
p164,100.4671219,height_BLUE
p2,100.4726447,height_BLUE
p21,100.4869052,height_BLUE
MN11211,100.5757959,height_BLUE
p10,100.6280888,height_BLUE
p163,100.6905737,height_BLUE
p192,100.7155771,height_BLUE
MN10209,100.7351824,height_BLUE
ND101473,100.7978854,height_BLUE
MN04242,100.8779496,height_BLUE
p141,100.887789,height_BLUE
p244,100.9047068,height_BLUE
p229,100.9752083,height_BLUE
p196,100.9943857,height_BLUE
GOPHER,101.0208449,height_BLUE
p11,101.0298583,height_BLUE
p85,101.1048621,height_BLUE
SD111736,101.128042,height_BLUE
OT2074,101.2305399,height_BLUE
p88,101.2961328,height_BLUE
SD090248,101.3283864,height_BLUE
ND040250,101.3720872,height_BLUE
AAC_NICOLAS,101.5227941,height_BLUE
MN05157,101.5924113,height_BLUE
MN08160,101.6300403,height_BLUE
AC_ASSINIBOIA,101.8094232,height_BLUE
p142,101.8204794,height_BLUE
SD090510,101.8777738,height_BLUE
p165,101.8990288,height_BLUE
p186,101.9217976,height_BLUE
p83,101.9727734,height_BLUE
MN09256,102.0463361,height_BLUE
p195,102.127557,height_BLUE
p128,102.1827348,height_BLUE
p208,102.2572236,height_BLUE
p205,102.2682203,height_BLUE
MN08211,102.3155065,height_BLUE
SD081038,102.4915269,height_BLUE
MN09223,102.5273962,height_BLUE
NEWBURG,102.7709107,height_BLUE
OA1357-2,103.1423599,height_BLUE
ND060182,103.1891046,height_BLUE
p9,103.227631,height_BLUE
p139,103.3044484,height_BLUE
SD120456,103.391621,height_BLUE
MN09119,103.6642033,height_BLUE
ND080816,103.6990456,height_BLUE
MN06213,103.8516679,height_BLUE
p58,103.8632686,height_BLUE
ND051306,103.9015621,height_BLUE
p7,103.9257968,height_BLUE
p81,103.9361068,height_BLUE
p197,103.95524,height_BLUE
p161,103.9866281,height_BLUE
p202,104.0867336,height_BLUE
p129,104.1886943,height_BLUE
ND070388,104.271905,height_BLUE
MN05237,104.2985716,height_BLUE
SD120316,104.3349161,height_BLUE
MN02234,104.3590282,height_BLUE
p104,104.4813344,height_BLUE
p14,104.5845544,height_BLUE
MORTON,104.7213753,height_BLUE
p25,104.7266402,height_BLUE
SD041445-93,104.8036349,height_BLUE
p8,104.8864084,height_BLUE
SD120638,104.9264786,yield_BLUE
ND011054,105.0133927,height_BLUE
MN08260,105.0899009,height_BLUE
p187,105.2468865,height_BLUE
MN09105,105.3241973,height_BLUE
p162,105.3397083,height_BLUE
p200,105.3742849,height_BLUE
p199,105.4728591,height_BLUE
SD041451,105.690138,height_BLUE
OA1331-6,105.9495664,height_BLUE
SD120553,106.0514868,height_BLUE
p82,106.1278763,height_BLUE
ND090709,106.2380722,height_BLUE
MN05205,106.3808449,height_BLUE
06P04A-E07B3,106.4083864,height_BLUE
04P07A-BS5C,106.6941824,height_BLUE
ND030349,106.9877179,height_BLUE
SD111939,107.1476939,height_BLUE
ND060342,107.1644404,height_BLUE
MN09230,107.2454206,height_BLUE
OTEE,107.7611766,yield_BLUE
IA02168-1-1,107.7874548,yield_BLUE
00P28-AN01B1,108.030362,height_BLUE
SD111753,108.3252383,height_BLUE
MN10253,108.4339263,height_BLUE
ND100362,110.2499912,height_BLUE
SD050716,110.3992611,yield_BLUE
MN08138,110.6257123,height_BLUE
SD120129,110.8615299,yield_BLUE
p103,112.8553263,height_BLUE
ND020965,114.3882734,height_BLUE
IL06-8153,115.099051,yield_BLUE
P9741A1-4-6-86,115.4312,yield_BLUE
SD110466,116.6669046,yield_BLUE
GOPHER,117.2903094,yield_BLUE
p52,117.5545117,yield_BLUE
BADGER,117.8498761,yield_BLUE
IL05-7133,117.9659123,yield_BLUE
DON,118.514707,yield_BLUE
p123,119.7168895,yield_BLUE
SD090552,119.7610861,height_BLUE
p61,120.0002415,yield_BLUE
p212,120.0550292,yield_BLUE
SD082192,120.1705816,yield_BLUE
SD110640,120.5320021,yield_BLUE
p53,120.8152858,yield_BLUE
IL06-5465,121.888386,yield_BLUE
IL05-3337,122.144146,yield_BLUE
P075A1-3-2,122.64195,yield_BLUE
WIX9082-1,123.0116078,yield_BLUE
SD120289,123.3661623,yield_BLUE
SD050612,123.6624252,yield_BLUE
SD120069,124.2474935,yield_BLUE
p62,124.2510202,yield_BLUE
p3,124.5818442,yield_BLUE
SD051005,124.7747518,yield_BLUE
p150,124.9197711,yield_BLUE
IL09-5239,126.0702756,yield_BLUE
p51,126.2274048,yield_BLUE
p69,126.3203529,yield_BLUE
IL11-2353,126.5252506,yield_BLUE
IL02-5630,126.7549588,yield_BLUE
p132,126.9980793,yield_BLUE
SD020883,127.4277984,yield_BLUE
SD120316,127.5987526,yield_BLUE
p149,127.6140499,yield_BLUE
MN03114,127.6917769,yield_BLUE
p23,127.7256091,yield_BLUE
SD081085,128.0285657,yield_BLUE
SD110808,128.2073161,yield_BLUE
IA02023-2-1,128.2681448,yield_BLUE
SD080611,128.291176,yield_BLUE
p122,128.383531,yield_BLUE
p211,128.4110555,yield_BLUE
SD120524,128.4528359,yield_BLUE
p24,128.7693704,yield_BLUE
ND070388,128.8055467,yield_BLUE
SD091510,128.8415735,yield_BLUE
p180,129.1690079,yield_BLUE
p117,129.4365313,yield_BLUE
p216,129.8147184,yield_BLUE
p191,130.0849697,yield_BLUE
p222,130.1657697,yield_BLUE
P021A1-78-1,130.3221596,yield_BLUE
p210,130.3722923,yield_BLUE
IL02-8011,130.6276254,yield_BLUE
p95,130.7554204,yield_BLUE
SD120258,130.7690417,yield_BLUE
IL08-2010,130.7814518,yield_BLUE
P973A38-9-3-2-29,130.9102173,yield_BLUE
SD60980,130.9366927,yield_BLUE
p247,131.0214325,yield_BLUE
SD60130,131.1061723,yield_BLUE
p49,131.1694034,yield_BLUE
ANDREW,131.2429064,yield_BLUE
p124,131.4577544,yield_BLUE
p190,131.4622577,yield_BLUE
p155,131.4961448,yield_BLUE
06P04A-E07B3,131.5247276,yield_BLUE
IL07-8258,131.6726024,yield_BLUE
p60,131.7634201,yield_BLUE
KAME,131.873379,yield_BLUE
SD080788,132.0403634,yield_BLUE
p147,132.1296585,yield_BLUE
p217,132.3993589,yield_BLUE
p56,132.4315317,yield_BLUE
COLT,132.6677206,yield_BLUE
MN11110,132.9838005,yield_BLUE
p70,133.1116731,yield_BLUE
p67,133.1680448,yield_BLUE
SD090780,133.3379366,yield_BLUE
p48,133.3817367,yield_BLUE
p248,133.9152758,yield_BLUE
p68,134.0846401,yield_BLUE
p234,134.2054117,yield_BLUE
p118,134.4101664,yield_BLUE
p175,134.5026345,yield_BLUE
p57,134.5478268,yield_BLUE
SD050608,134.9303969,yield_BLUE
SD120553,135.0740043,yield_BLUE
p50,135.1877706,yield_BLUE
MN04120,135.3005127,yield_BLUE
WIX9449-1,135.3683337,yield_BLUE
p209,135.4750643,yield_BLUE
p215,135.4765978,yield_BLUE
ND040492,135.5937816,yield_BLUE
REINS,135.7084641,yield_BLUE
p72,135.9168855,yield_BLUE
WIX8791-1,135.9198646,yield_BLUE
IA02130-2-2,135.9911721,yield_BLUE
p188,136.0405791,yield_BLUE
p88,136.0544768,yield_BLUE
p126,136.0791541,yield_BLUE
P0528A1-6-1,136.1462824,yield_BLUE
p172,136.2317619,yield_BLUE
p201,136.3348746,yield_BLUE
p94,136.3494807,yield_BLUE
p156,136.4529028,yield_BLUE
SD050834,136.5892496,yield_BLUE
p176,136.6887573,yield_BLUE
p46,136.7842074,yield_BLUE
SD031128,136.7996024,yield_BLUE
SD61081,136.8938589,yield_BLUE
p55,136.9003935,yield_BLUE
p32,137.1159361,yield_BLUE
p181,137.1908599,yield_BLUE
p249,137.3482988,yield_BLUE
IL02-8663,137.5416547,yield_BLUE
IL11-5748,137.6023475,yield_BLUE
MN04136,137.6052929,yield_BLUE
p146,137.7107798,yield_BLUE
p225,137.7503592,yield_BLUE
SD61433,137.8027386,yield_BLUE
ND090807,137.9331008,yield_BLUE
p66,138.0817324,yield_BLUE
p189,138.0938397,yield_BLUE
IL08-9201,138.3410605,yield_BLUE
p219,138.3781264,yield_BLUE
p115,138.4013023,yield_BLUE
WIX9500-6,138.4096877,yield_BLUE
SD050938,138.6380178,yield_BLUE
p125,138.6654695,yield_BLUE
P021A1-78-1-5,138.6831093,yield_BLUE
MN09115,138.7809808,yield_BLUE
SD110304,138.7843136,yield_BLUE
p105,138.8029807,yield_BLUE
IL06-3761,138.8561986,yield_BLUE
p87,138.9530669,yield_BLUE
P021A1-66-2,139.0800012,yield_BLUE
MN09119,139.125153,yield_BLUE
P0216A1-1-45,139.1962737,yield_BLUE
p179,139.2199644,yield_BLUE
p213,139.2958074,yield_BLUE
p196,139.3266354,yield_BLUE
p171,139.3645483,yield_BLUE
CLINTFORD,139.4012161,yield_BLUE
p120,139.4809051,yield_BLUE
P075A1-7,139.560594,yield_BLUE
SD100015,139.5692498,yield_BLUE
p229,139.7777586,yield_BLUE
p154,139.8133879,yield_BLUE
p2,139.8138395,yield_BLUE
MN08138,139.8139079,yield_BLUE
p93,140.3547525,yield_BLUE
SABER,140.4550007,yield_BLUE
p54,140.6018332,yield_BLUE
OA1341-1,140.7049209,yield_BLUE
SD100719,140.7191658,yield_BLUE
MORTON,140.7201699,yield_BLUE
WIX9897-5,140.7849861,yield_BLUE
SD111736,140.8718361,yield_BLUE
p71,140.9528735,yield_BLUE
IL09-5508,141.0523192,yield_BLUE
p76,141.052532,yield_BLUE
p131,141.2180449,yield_BLUE
SD120296,141.496901,yield_BLUE
p214,141.6012138,yield_BLUE
p31,141.6121275,yield_BLUE
P021A1-25,141.6845086,yield_BLUE
p174,141.6900485,yield_BLUE
p148,141.7159086,yield_BLUE
p4,141.7641395,yield_BLUE
p133,141.7780153,yield_BLUE
p116,141.8094688,yield_BLUE
p182,141.8767619,yield_BLUE
ND021052,142.0014818,yield_BLUE
p127,142.049847,yield_BLUE
LAO-1012-040,142.0520874,yield_BLUE
SD110765,142.1682251,yield_BLUE
p250,142.3181665,yield_BLUE
MN02231,142.3201897,yield_BLUE
p77,142.3307595,yield_BLUE
p89,142.3462316,yield_BLUE
p177,142.3699318,yield_BLUE
p235,142.5593807,yield_BLUE
p86,142.5994368,yield_BLUE
p47,142.6154548,yield_BLUE
IA01005-2,142.7203147,yield_BLUE
p25,142.78944,yield_BLUE
p169,142.8823343,yield_BLUE
p157,142.9376764,yield_BLUE
p233,142.9872447,yield_BLUE
ND111357,142.9961337,yield_BLUE
MN05157,143.0058545,yield_BLUE
OA1256-1,143.0469239,yield_BLUE
P021A1-25-53,143.055355,yield_BLUE
p220,143.0836745,yield_BLUE
p227,143.0878774,yield_BLUE
p73,143.0912191,yield_BLUE
p58,143.1998802,yield_BLUE
p45,143.3241351,yield_BLUE
SD111931,143.4625451,yield_BLUE
MN09230,143.5306129,yield_BLUE
SD120640,143.5755617,yield_BLUE
p59,143.6269218,yield_BLUE
p226,143.6576081,yield_BLUE
SD090882,143.8289102,yield_BLUE
NATTY,143.8511972,yield_BLUE
ND021612,143.8642024,yield_BLUE
p119,143.9244623,yield_BLUE
p230,143.9356796,yield_BLUE
ND102000,144.0218732,yield_BLUE
IL00-1030,144.1982367,yield_BLUE
p121,144.2035508,yield_BLUE
SD090965,144.341349,yield_BLUE
p197,144.4577657,yield_BLUE
IL10-9867,144.5027164,yield_BLUE
p178,144.6071101,yield_BLUE
p224,144.6779487,yield_BLUE
p202,144.6952389,yield_BLUE
P0528A1-1,144.6969877,yield_BLUE
SD111753,144.7070438,yield_BLUE
ND040196,144.7180428,yield_BLUE
p145,144.9368647,yield_BLUE
MN10130,144.9568304,yield_BLUE
OA1342-2,145.0597477,yield_BLUE
p221,145.0895733,yield_BLUE
IL09-5745,145.130119,yield_BLUE
LEGGETT,145.1870622,yield_BLUE
SD110470,145.277877,yield_BLUE
p106,145.4045781,yield_BLUE
p246,145.4422635,yield_BLUE
WIX9562-5,145.4515402,yield_BLUE
p111,145.5177765,yield_BLUE
p254,145.5468424,yield_BLUE
SD100184,145.5495116,yield_BLUE
WIX9414-1,145.6400018,yield_BLUE
p22,145.7510852,yield_BLUE
SD041445,145.7861067,yield_BLUE
MN08211,145.8441981,yield_BLUE
p192,145.8860801,yield_BLUE
ND050490,145.9763252,yield_BLUE
p255,146.0535841,yield_BLUE
P0528A1-1-1,146.0880325,yield_BLUE
SD090510,146.2175805,yield_BLUE
WIX10045-12,146.2506269,yield_BLUE
p82,146.2545249,yield_BLUE
IL09-2838,146.2898073,yield_BLUE
p256,146.3293496,yield_BLUE
MN05237,146.3631842,yield_BLUE
MN08260,146.4178928,yield_BLUE
p223,146.4361608,yield_BLUE
p84,146.4546179,yield_BLUE
p144,146.4579866,yield_BLUE
p183,146.5438693,yield_BLUE
p195,146.551137,yield_BLUE
SD081644,146.5928917,yield_BLUE
SD090240,146.6942039,yield_BLUE
p85,146.7414653,yield_BLUE
WIX8787-2,146.8335944,yield_BLUE
p129,146.9500356,yield_BLUE
SD030888,146.9539213,yield_BLUE
p237,146.9981317,yield_BLUE
MN06120,147.0591715,yield_BLUE
MN08243,147.0650377,yield_BLUE
p198,147.0858433,yield_BLUE
p153,147.1275943,yield_BLUE
IA02010-2-1,147.1534147,yield_BLUE
p173,147.2592807,yield_BLUE
IA02130-2-3,147.440645,yield_BLUE
p114,147.5202833,yield_BLUE
P0216A1-1,147.5297115,yield_BLUE
p42,147.5367953,yield_BLUE
p28,147.8795283,yield_BLUE
p228,147.9020429,yield_BLUE
p168,148.023487,yield_BLUE
p104,148.0246699,yield_BLUE
p161,148.078771,yield_BLUE
p130,148.0840026,yield_BLUE
p203,148.0893564,yield_BLUE
ND060182,148.1953614,yield_BLUE
MN04232,148.2700599,yield_BLUE
p21,148.284527,yield_BLUE
SD110605,148.2883306,yield_BLUE
p33,148.3359023,yield_BLUE
p163,148.4058179,yield_BLUE
SD041451,148.418733,yield_BLUE
BETAGENE,148.5060404,yield_BLUE
SD081563,148.727687,yield_BLUE
p243,148.7460858,yield_BLUE
p251,148.7999697,yield_BLUE
P0714A1-29-2,149.0058854,yield_BLUE
p218,149.0476024,yield_BLUE
ND040250,149.0617426,yield_BLUE
p231,149.1811664,yield_BLUE
p167,149.1944885,yield_BLUE
p83,149.26967,yield_BLUE
SD081577,149.3675177,yield_BLUE
p112,149.3793786,yield_BLUE
p238,149.3869828,yield_BLUE
p236,149.4133046,yield_BLUE
p158,149.4217546,yield_BLUE
WIX10045-9,149.5084297,yield_BLUE
SD081949,149.5865052,yield_BLUE
p244,149.6928428,yield_BLUE
p162,149.7574359,yield_BLUE
p99,149.7652146,yield_BLUE
ND060342,149.7706783,yield_BLUE
P0541A1-1,149.8215737,yield_BLUE
MN09256,149.8572049,yield_BLUE
ND100362,149.8781979,yield_BLUE
p151,150.1212694,yield_BLUE
p12,150.1645198,yield_BLUE
SD100454,150.1794005,yield_BLUE
AC_ASSINIBOIA,150.1956585,yield_BLUE
p152,150.2553206,yield_BLUE
p109,150.294481,yield_BLUE
p34,150.3017546,yield_BLUE
SD120266,150.4346246,yield_BLUE
MN07208,150.4484515,yield_BLUE
p232,150.4809131,yield_BLUE
p200,150.4960174,yield_BLUE
p204,150.4985428,yield_BLUE
p170,150.5734472,yield_BLUE
MN04242,150.5734493,yield_BLUE
SD050945,150.7259666,yield_BLUE
WIX8787-3,150.7663449,yield_BLUE
AAC_OAKLIN,150.9197739,yield_BLUE
p128,151.0256458,yield_BLUE
p184,151.0371214,yield_BLUE
p108,151.0756085,yield_BLUE
p207,151.1236227,yield_BLUE
IL07-8721,151.1242951,yield_BLUE
WIX9528-1,151.2202644,yield_BLUE
p75,151.5430572,yield_BLUE
p187,151.5432711,yield_BLUE
p199,151.5520788,yield_BLUE
p13,151.5798672,yield_BLUE
p9,151.6359314,yield_BLUE
MN08252,151.6549,yield_BLUE
p166,151.7065265,yield_BLUE
MN11221,151.7086626,yield_BLUE
p160,151.7178166,yield_BLUE
SD041405,151.7178732,yield_BLUE
p74,151.8567585,yield_BLUE
p44,151.9280761,yield_BLUE
MN02234,151.9349988,yield_BLUE
p90,151.9958396,yield_BLUE
p81,152.0263428,yield_BLUE
HORSEPOWER,152.1382789,yield_BLUE
ND101473,152.2830165,yield_BLUE
OT2074,152.3994684,yield_BLUE
p78,152.4197813,yield_BLUE
SD050616,152.5252542,yield_BLUE
p11,152.6147071,yield_BLUE
p96,152.6409906,yield_BLUE
MN08160,152.6951419,yield_BLUE
NEWBURG,152.7178567,yield_BLUE
p240,152.7829885,yield_BLUE
MN05205,153.1516875,yield_BLUE
p164,153.1953721,yield_BLUE
SD101027,153.2770975,yield_BLUE
p208,153.2954726,yield_BLUE
p206,153.3035679,yield_BLUE
MN11211,153.530851,yield_BLUE
p101,153.6463906,yield_BLUE
IL05-9931,153.8904273,yield_BLUE
p5,153.9085191,yield_BLUE
p39,154.0133001,yield_BLUE
SD111922,154.0296265,yield_BLUE
p110,154.1015823,yield_BLUE
p8,154.1374409,yield_BLUE
ND090868,154.1842543,yield_BLUE
p36,154.406384,yield_BLUE
AAC_ROSKENS,154.4174082,yield_BLUE
SD090880,154.5334226,yield_BLUE
SD041445-93,154.6678091,yield_BLUE
p10,154.7992274,yield_BLUE
MN11139,154.9162578,yield_BLUE
p100,155.1317173,yield_BLUE
WIX9645-1,155.151969,yield_BLUE
ND030349,155.1691732,yield_BLUE
OA1271-3,155.342053,yield_BLUE
MN10121,155.3722092,yield_BLUE
SD100602,155.3865764,yield_BLUE
p1,155.421705,yield_BLUE
p193,155.44012,yield_BLUE
p159,155.501614,yield_BLUE
03P26A-BV3A,155.5489679,yield_BLUE
WPAT04P03-PY3B,155.7253511,yield_BLUE
WIX9150-1,155.9161422,yield_BLUE
SD111939,155.9231404,yield_BLUE
MN06213,155.9422927,yield_BLUE
OT2083,156.0871466,yield_BLUE
MN09103,156.1621382,yield_BLUE
p241,156.1769287,yield_BLUE
SD041016,156.2881361,yield_BLUE
ND080816,156.3730073,yield_BLUE
IL04-7077,156.4474687,yield_BLUE
p239,156.7206881,yield_BLUE
WIX9287-2,156.7388345,yield_BLUE
SD090552,156.8530661,yield_BLUE
p135,156.923494,yield_BLUE
MNBT1021-1,156.9425655,yield_BLUE
p185,157.002849,yield_BLUE
ND020965,157.1278323,yield_BLUE
SD090893,157.1329159,yield_BLUE
MN10253,157.1655964,yield_BLUE
p37,157.2191476,yield_BLUE
p43,157.2720745,yield_BLUE
p136,157.4367057,yield_BLUE
OA1357-2,157.5292026,yield_BLUE
p6,157.6411842,yield_BLUE
p14,157.6842502,yield_BLUE
p141,157.7017015,yield_BLUE
p107,157.7353421,yield_BLUE
MN06203,157.780391,yield_BLUE
p245,157.8507476,yield_BLUE
MNBT1020-1,157.9308458,yield_BLUE
ND090709,158.0294183,yield_BLUE
p41,158.0526456,yield_BLUE
SD100644,158.0547997,yield_BLUE
p242,158.1020417,yield_BLUE
SD081038,158.1387832,yield_BLUE
p165,158.1542109,yield_BLUE
LAO-1104-028C1,158.1904514,yield_BLUE
MN10209,158.2029039,yield_BLUE
IL09-6937,158.583398,yield_BLUE
p102,158.7213225,yield_BLUE
SD120456,158.8010077,yield_BLUE
p113,158.9666236,yield_BLUE
MN09105,159.1202302,yield_BLUE
p98,159.1477767,yield_BLUE
MN09255,159.7412499,yield_BLUE
SD111946,159.7783547,yield_BLUE
04P07A-BS5C,159.854435,yield_BLUE
p140,159.9785649,yield_BLUE
WIX10088-6,160.2126472,yield_BLUE
OA1253-1,160.366129,yield_BLUE
MN05119,160.4297787,yield_BLUE
ND051306,160.5849311,yield_BLUE
p134,160.8111483,yield_BLUE
p143,161.1747083,yield_BLUE
p79,161.398728,yield_BLUE
p186,161.4437002,yield_BLUE
SD090248,161.5089607,yield_BLUE
p35,161.5898754,yield_BLUE
p103,161.6879686,yield_BLUE
ND051312,161.889093,yield_BLUE
p7,161.9322496,yield_BLUE
p194,162.0239657,yield_BLUE
SD100198,162.1744569,yield_BLUE
AAC_ALMONTE,162.2858475,yield_BLUE
DEON,162.3373696,yield_BLUE
HAYDEN,162.40587,yield_BLUE
HA08-03X15-1,162.839538,yield_BLUE
WIX9487-1,163.0712158,yield_BLUE
p252,163.4099943,yield_BLUE
SD081107,163.515839,yield_BLUE
p205,163.6461985,yield_BLUE
MN07204,164.2387776,yield_BLUE
p40,164.3123164,yield_BLUE
01G04-CC3E,164.4081618,yield_BLUE
SD080348,164.5811455,yield_BLUE
p80,164.6279213,yield_BLUE
MN09223,164.7442689,yield_BLUE
MN07104,165.017065,yield_BLUE
ND011054,165.4033039,yield_BLUE
RON,165.7061544,yield_BLUE
p253,165.8894974,yield_BLUE
p142,166.0040966,yield_BLUE
OA1331-6,166.522871,yield_BLUE
p139,166.7883854,yield_BLUE
p97,167.4706996,yield_BLUE
WIX9878-3,168.0277818,yield_BLUE
SD041445-119,168.2195913,yield_BLUE
p38,168.2464235,yield_BLUE
p29,168.6544434,yield_BLUE
OPTIMUM,168.8787581,yield_BLUE
00P28-AN01B1,169.1686089,yield_BLUE
04P07B-GN1C,172.1537581,yield_BLUE
ND070182,172.6555516,yield_BLUE
HA07-02X22-3,173.653309,yield_BLUE
p30,174.0065521,yield_BLUE
WIX8787-4,176.0536436,yield_BLUE
AAC_NICOLAS,183.4375705,yield_BLUE
WIX10055-8,187.800457,yield_BLUE
95AB12770,91.41688409,height_BLUE
CIAV5218,103.0484,height_BLUE
CLINTLAND_64,101.967199,height_BLUE
CORRAL,86.87831635,height_BLUE
EXCEL,93.62723974,height_BLUE
FL0238BSB-22,86.45200152,height_BLUE
OGLE,83.6567952,height_BLUE
PI289587,96.8289603,height_BLUE
PI326228,105.5542476,height_BLUE
PI344841,100.6791371,height_BLUE
SHELBY_427,94.26999118,height_BLUE
SU11-1003,104.4520015,height_BLUE
TX02U7479,105.5563408,height_BLUE
TX07CS1402,98.08441531,height_BLUE
WIX9221-8,87.64990141,height_BLUE
95AB12770,2.466141436,log_sev_BLUE
CIAV5218,2.457511666,log_sev_BLUE
CLINTLAND_64,3.429823394,log_sev_BLUE
CORRAL,2.442268057,log_sev_BLUE
EXCEL,2.461826551,log_sev_BLUE
FL0238BSB-22,2.301384102,log_sev_BLUE
OGLE,2.428217025,log_sev_BLUE
PI289587,2.466141436,log_sev_BLUE
PI326228,6.457688504,log_sev_BLUE
PI344841,2.465971242,log_sev_BLUE
SHELBY_427,1.453820784,log_sev_BLUE
SU11-1003,6.301384102,log_sev_BLUE
TX02U7479,2.468673636,log_sev_BLUE
TX07CS1402,2.457511666,log_sev_BLUE
WIX9221-8,3.716336334,log_sev_BLUE
95AB12770,177.0285118,yield_BLUE
CIAV5218,119.1885924,yield_BLUE
CLINTLAND_64,137.6152767,yield_BLUE
CORRAL,163.2447986,yield_BLUE
EXCEL,127.0481622,yield_BLUE
FL0238BSB-22,143.9669298,yield_BLUE
OGLE,145.1573625,yield_BLUE
PI289587,149.7074586,yield_BLUE
PI326228,108.2648861,yield_BLUE
PI344841,141.7237491,yield_BLUE
SHELBY_427,120.2130163,yield_BLUE
SU11-1003,145.2173513,yield_BLUE
TX02U7479,147.4709343,yield_BLUE
TX07CS1402,76.70757655,yield_BLUE
WIX9221-8,125.8461309,yield_BLUE